"Артикул";"Цена Амизян"
140087;10000
620345;10000
610493;10000
430198;10000
430199;10000
460265;10000
410289;10000
410297;10000
410300;10000
150240;10000
160066;10000
110316;10000
150238;10000
160035;10000
160038;10000
780158;10000
310173;10000
410379;10000
410382;10000
430253;10000
430256;10000
430259;10000
410396;10000
410407;10000
460137;10000
110141;10000
150109;10000
410416;10000
410413;10000
170263;10000
170106;10000
520607;10000
250154;10000
520892;10000
250163;10000
210057;10000
520535;10000
240016;10000
410320;10000
530026;10000
530281;10000
570011;10000
520023;10000
520024;10000
530039;10000
530041;10000
530042;10000
520827;10000
520828;10000
520817;10000
520810;10000
520811;10000
520818;10000
250042;10000
140165;10000
140167;10000
140168;10000
140169;10000
140171;10000
140173;10000
140174;10000
740049;10000
410168;10000
430182;10000
430183;10000
430184;10000
430185;10000
410233;10000
410225;10000
410256;10000
410247;10000
410264;10000
410209;10000
430415;10000
430417;10000
430418;10000
520795;10000
410272;10000
410277;10000
460264;10000
410281;10000
310175;10000
310090;10000
310102;10000
520061;10000
520065;10000
520806;10000
610032;10000
530280;10000
620314;10000
620313;10000
430208;10000
430212;10000
430365;10000
430360;10000
430362;10000
450107;10000
450110;10000
450112;10000
450116;10000
450115;10000
450122;10000
530059;10000
570013;10000
460276;10000
430382;10000
460277;10000
430375;10000
430478;10000
430479;10000
430485;10000
430482;10000
430483;10000
430484;10000
350085;10000
520119;10000
350227;10000
240051;10000
240058;10000
240062;10000
330256;10000
330255;10000
110071;10000
330012;10000
570018;10000
430151;10000
430156;10000
430157;10000
430161;10000
410341;10000
330291;10000
520073;10000
330671;10000
460113;10000
530225;10000
350169;10000
320244;10000
320245;10000
320239;10000
320104;10000
520078;10000
570020;10000
330688;10000
710466;10000
710465;10000
520552;10000
120097;10000
170061;10000
170069;10000
610071;10000
610086;10000
610088;10000
610098;10000
430390;10000
330080;10000
330770;10000
330774;10000
330776;10000
330778;10000
310233;10000
610428;10000
610432;10000
610430;10000
610433;10000
610431;10000
610434;10000
610429;10000
570152;10000
410135;10000
410137;10000
410133;10000
410113;10000
410115;10000
410126;10000
410131;10000
410118;10000
410120;10000
410123;10000
330199;10000
160097;10000
410369;10000
520349;10000
520363;10000
150216;10000
540014;10000
410191;10000
520850;10000
140141;10000
170246;10000
140139;10000
140142;10000
710447;10000
430119;10000
430123;10000
430125;10000
430129;10000
620502;10000
620066;10000
620068;10000
330445;10000
110176;10000
110275;10000
110276;10000
110277;10000
110278;10000
110279;10000
110280;10000
110281;10000
170303;10000
350152;10000
350153;10000
350178;10000
310198;10000
310195;10000
310191;10000
310204;10000
310199;10000
310208;10000
310202;10000
310285;10000
140143;10000
140146;10000
140147;10000
620377;10000
620379;10000
620380;10000
520394;10000
520392;10000
620321;10000
620322;10000
620323;10000
620329;10000
130032;10000
130033;10000
610543;10000
620333;10000
610442;10000
610451;10000
610450;10000
620400;10000
460169;10000
780102;10000
610157;10000
610147;10000
610148;10000
610155;10000
610161;10000
620085;10000
620089;10000
450125;10000
450126;10000
450127;10000
620486;10000
610260;10000
610264;10000
610268;10000
610272;10000
610275;10000
610207;10000
610183;10000
610186;10000
610538;10000
610191;10000
610194;10000
610198;10000
610201;10000
610204;10000
610539;10000
610540;10000
610541;10000
610212;10000
610215;10000
610218;10000
610222;10000
610223;10000
610227;10000
610235;10000
610241;10000
610245;10000
610250;10000
610254;10000
610256;10000
620125;10000
620156;10000
620160;10000
620524;10000
620161;10000
620177;10000
620520;10000
610279;10000
610278;10000
620188;10000
620204;10000
610333;10000
610337;10000
610284;10000
610287;10000
610289;10000
610291;10000
610293;10000
610295;10000
610300;10000
610304;10000
610308;10000
610310;10000
610312;10000
610316;10000
610318;10000
610320;10000
610323;10000
610326;10000
610339;10000
620452;10000
550029;10000
430403;10000
720113;10000
330868;10000
330890;10000
570072;10000
570026;10000
410459;10000
410460;10000
410453;10000
410456;10000
310031;10000
520469;10000
520510;10000
330922;10000
570028;10000
120246;10000
740045;10000
410502;10000
410512;10000
520896;10000
320097;10000
410150;10000
410152;10000
740024;10000
410163;10000
410165;10000
410166;10000
410159;10000
410160;10000
410162;10000
430302;10000
430146;10000
430518;10000
460402;10000
430519;10000
570137;10000
610452;10000
610456;10000
610463;10000
610457;10000
610466;10000
610462;10000
710462;10000
